{"cameraMode":{"drawMode":0,"name":"Shaded","section":"Shading Mode"},"sceneLighting":true,"audioPlay":false,"sceneViewState":{"showFog":false,"showMaterialUpdate":false,"showSkybox":true,"showFlares":false,"showImageEffects":false,"showParticleSystems":false,"showVisualEffectGraphs":true,"m_FxEnabled":true},"in2DMode":false,"pivot":{"x":-1.3533170223236085,"y":2.110966920852661,"z":1.7659673690795899},"rotation":{"x":0.25136515498161318,"y":-0.39278632402420046,"z":0.11250779032707215,"w":0.8774315714836121},"size":0.11466718465089798,"orthographic":false}